Date,AAPL,IBM,MSFT,GOOG
2010-01-04,493729600,6155300,38409100,3927065
2010-01-05,601904800,6841400,49749600,6031925
2010-01-06,552160000,5605300,58182400,7987226
2010-01-07,477131200,5840600,50559700,12876685
2010-01-08,447610800,4197200,51197400,9484016
2010-01-11,462229600,5730400,68754700,14479871
2010-01-12,594459600,8081500,65912100,9742983
2010-01-13,605892000,6455400,51863500,13041902
2010-01-14,432894000,7111800,63228100,8511986
2010-01-15,594067600,8494400,79913200,10909740
2010-01-19,730007600,13916200,46575700,8665760
2010-01-20,612152800,15197500,54849500,6525769
2010-01-21,608154400,9608600,73086700,12662686
2010-01-22,881767600,10088600,102004600,13651779
2010-01-25,1065699600,5738500,63373000,8872934
2010-01-26,1867110000,7135300,66639900,8743651
2010-01-27,1722568400,8719200,63949500,7958519
2010-01-28,1173502400,9622200,117513700,6482407
2010-01-29,1245952400,11571200,193888500,8312039
2010-02-01,749876400,7242900,85931100,4518473
2010-02-02,698342400,5899900,54413700,8223107
2010-02-03,615328000,4177100,61397900,6020683
2010-02-04,757652000,9126900,77850000,6780721
2010-02-05,850306800,8617000,80960100,6335659
2010-02-08,478270800,5718500,52820600,5408798
2010-02-09,632886800,6044500,59195800,5660337
2010-02-10,370361600,5219100,48591300,5369049
2010-02-11,550345600,5089000,65993700,4838067
2010-02-12,655468800,8017700,81117200,4576490
2010-02-16,543737600,6777300,51935600,7336195
2010-02-17,436396800,5827400,45882900,4074616
2010-02-18,422825200,5525900,42856500,4691319
2010-02-19,415469600,6303100,44451800,5125339
2010-02-22,390563600,3808100,36707100,4305277
2010-02-23,575094800,4591900,52266200,5766734
2010-02-24,460566400,4782000,43165900,4670641
2010-02-25,665126000,5658700,48735300,6643207
2010-02-26,507460800,4784200,40370600,4113963
2010-03-01,550093600,4577700,43805400,4492576
2010-03-02,566546400,6013300,93123900,8746261
2010-03-03,372052800,6390000,48442100,6201960
2010-03-04,366041200,6032300,42890600,6391467
2010-03-05,899620400,6140200,56001800,7853728
2010-03-08,429889600,6199300,39414500,4790690
2010-03-09,920259200,7528800,50271600,6377013
2010-03-10,596218000,6916200,44891400,11352192
2010-03-11,405700400,7922200,35349700,8498335
2010-03-12,416323600,5169500,31700200,5527441
2010-03-15,493502800,4497700,37512000,9342688
2010-03-16,446908000,6134900,36723500,6888724
2010-03-17,450956800,6348400,50385700,6668100
2010-03-18,342109600,4954400,43845200,3567723
2010-03-19,559445600,10744300,81332100,9624340
2010-03-22,456419600,5651900,37718200,8039622
2010-03-23,602431200,5978500,42026600,11043840
2010-03-24,597780400,6669300,33987700,13179616
2010-03-25,542284400,7603200,73168700,7891268
2010-03-26,640875200,5550800,55595500,5412612
2010-03-29,540744400,4643000,33336000,6232273
2010-03-30,527310000,3426600,34954800,3970627
2010-03-31,430659600,4904800,63760000,6084320
2010-04-01,603145200,4980500,74768100,4221163
2010-04-05,684507600,4118700,34331200,3817255
2010-04-06,447017200,3926300,47366800,4135644
2010-04-07,628502000,5157000,58318800,5181348
2010-04-08,572989200,6006900,63713800,3909599
2010-04-09,334182800,5185100,54752500,4128617
2010-04-12,333026400,3992300,37068800,4722435
2010-04-13,306210800,6819100,41374600,7853929
2010-04-14,404076400,8545800,68941200,6830908
2010-04-15,376784800,6425300,52745400,13574290
2010-04-16,750545600,9546200,88703100,24562723
2010-04-19,566924400,11353700,64970300,7817191
2010-04-20,738326400,15216500,52199500,5977120
2010-04-21,982391200,7559200,55343100,4800928
2010-04-22,793424800,6018500,84847600,6585994
2010-04-23,796955600,6197300,126766600,4194463
2010-04-26,479068800,5285400,63649300,8770351
2010-04-27,709343600,10916700,68730900,7718222
2010-04-28,758402400,7122300,64557900,6837734
2010-04-29,558840800,5786900,52665200,6140731
2010-04-30,542463600,6266700,63214800,4889057
2010-05-03,454342000,4992100,43989500,3729527
2010-05-04,723819600,8285000,82085600,12198151
2010-05-05,883103200,6072800,66833800,9198750
2010-05-06,1285860800,13168800,128613000,10037683
2010-05-07,1676018400,10584800,173718100,10216150
2010-05-10,984306400,8463900,86653300,8286946
2010-05-11,848906800,6498900,63789400,6670108
2010-05-12,654379600,16626900,47146800,7732475
2010-05-13,599712400,10497800,45188800,6676532
2010-05-14,759362800,9920100,63334000,8262856
2010-05-17,762834800,8923400,46053300,5608544
2010-05-18,782678400,9330000,52690600,5672181
2010-05-19,1025726800,8669300,61746700,6917231
2010-05-20,1282915200,13176500,87991100,9863433
2010-05-21,1223891200,12639500,117596300,19454247
2010-05-24,754238800,6868600,73711700,8723777
2010-05-25,1048006400,9494800,98373600,6057420
2010-05-26,850654000,9083200,176684100,6977255
2010-05-27,666282400,7725900,136433600,5639258
2010-05-28,815614800,7421900,67496900,5811301
2010-06-01,876472800,7135400,76152400,5353592
2010-06-02,688548000,7705300,65718800,5100647
2010-06-03,650106800,6645300,67837000,7328767
2010-06-04,758304400,9669200,89832200,7869988
2010-06-07,886942000,6951400,80456200,7292633
2010-06-08,1000770400,8399200,87355000,5390329
2010-06-09,854630000,7795500,87794000,5478458
2010-06-10,776356000,7479700,78930900,5175125
2010-06-11,545759200,5820200,68057700,3576756
2010-06-14,602960400,6753000,50972400,4096096
2010-06-15,585074000,6652500,81641500,8551132
2010-06-16,783678000,6401000,48698000,4595762
2010-06-17,872855200,5571000,47995500,3969423
2010-06-18,784621600,9581400,52075600,5767337
2010-06-21,776490400,6857800,54625300,5989366
2010-06-22,717262000,6030200,55985400,4456040
2010-06-23,768457200,6855800,61466200,4073411
2010-06-24,714277200,5565500,85243400,3801395
2010-06-25,549942400,10420400,156256700,4507231
2010-06-28,584948000,6335100,73784800,3537811
2010-06-29,1133344800,9376200,119882100,7030453
2010-06-30,739452000,8018000,81050500,7233411
2010-07-01,1022896000,9742100,92239400,7053540
2010-07-02,693842800,6454500,62485100,3886513
2010-07-06,615235600,6348700,73592000,5139392
2010-07-07,654556000,7090300,79965300,6282862
2010-07-08,738144400,5439300,50758100,5357807
2010-07-09,433322400,3898000,53806100,8695471
2010-07-12,562878400,4206900,49854200,6693796
2010-07-13,1190924000,6687700,61928700,7982408
2010-07-14,812047600,6607200,72808100,6259374
2010-07-15,824866000,6186800,56934700,9752819
2010-07-16,1039858400,7002900,65064800,15708259
2010-07-19,1024478000,8388600,38181800,9134711
2010-07-20,1074950800,16337400,45530700,8139395
2010-07-21,1185671200,8615500,73297300,6583785
2010-07-22,645318800,6909000,73016400,4311500
2010-07-23,533388800,5078000,108520100,4545775
2010-07-26,420551600,5174900,67249900,4005357
2010-07-27,584771600,4648200,60672100,4920775
2010-07-28,519985200,4248800,69704800,5010711
2010-07-29,643806800,8994200,69446200,5371057
2010-07-30,448210000,6021000,83534800,4304273
2010-08-02,428055600,6437500,55044600,3731334
2010-08-03,417653600,5091800,56877700,3618111
2010-08-04,420375200,4567500,78531900,7653580
2010-08-05,289097200,4520600,64922100,4858945
2010-08-06,444897600,6136200,55982100,6663885
2010-08-09,303128000,6131700,57096500,3758435
2010-08-10,451920000,5471700,87257700,4163548
2010-08-11,620054400,6316100,76746900,4462665
2010-08-12,534920400,5132200,70240500,4425727
2010-08-13,354869200,4669400,45263500,3883903
2010-08-16,318430000,4009200,40909700,2619783
2010-08-17,422640400,4298300,52912600,3795574
2010-08-18,339696000,4883200,46818900,5392939
2010-08-19,426706000,5402400,54064600,7879424
2010-08-20,384230000,6246300,49560100,7864568
2010-08-23,414041600,4034400,51643000,5994786
2010-08-24,602565600,5621200,66522500,5546111
2010-08-25,596867600,5235300,47404800,5203632
2010-08-26,466505200,7746600,49105300,3567321
2010-08-27,548391200,6214200,60939400,4642135
2010-08-30,383289200,3604000,45453100,2472031
2010-08-31,420786800,5624200,66074600,3908194
2010-09-01,697037600,5623100,65235900,6480801
2010-09-02,415427600,5103300,48837100,3381026
2010-09-03,520788800,5142900,64189100,5099844
2010-09-07,342557600,4353300,51928700,3432618
2010-09-08,526551200,4477500,65512400,4821605
2010-09-09,438575200,3436700,46028900,4879421
2010-09-10,387542400,4418700,58284300,3963400
2010-09-13,388780000,5271300,114680400,4499803
2010-09-14,408150400,4850500,87160400,4449616
2010-09-15,429368800,4762500,56201900,4823613
2010-09-16,652103200,4685000,44548300,3953764
2010-09-17,634477200,10397400,70341600,11325492
2010-09-20,658677600,7145500,49838700,8840011
2010-09-21,668074400,5267900,52675700,8966082
2010-09-22,585289600,4922400,94299400,5093219
2010-09-23,786116800,3898800,46201800,4652172
2010-09-24,649488000,7122400,51948800,6738965
2010-09-27,482834800,6155400,43603300,6238095
2010-09-28,1035042400,7481300,56041200,7336797
2010-09-29,469644000,5151200,44318900,4360684
2010-09-30,673391600,6425800,61262700,6512519
2010-10-01,448142800,5621200,62672300,4466680
2010-10-04,435302000,4059900,98143400,3895547
2010-10-05,501967200,6202500,78152900,7040491
2010-10-06,670868800,4783000,50489700,5545308
2010-10-07,408399600,6440800,50096100,4809560
2010-10-08,658403200,4540800,41327800,5739834
2010-10-11,427753200,4004300,27587800,5272288
2010-10-12,558544000,5637300,50141500,7535339
2010-10-13,630092400,8784300,75336500,6134106
2010-10-14,435296400,5653100,51949100,13317932
2010-10-15,922194000,7220400,68954800,29760734
2010-10-18,1093010800,10322700,48330500,14249612
2010-10-19,1232784000,14159100,66150900,9210193
2010-10-20,721624400,6945500,56283600,7076626
2010-10-21,551460000,6221200,50032400,5862894
2010-10-22,372778000,4105300,25837900,4529113
2010-10-25,392462000,4870000,50912400,6340477
2010-10-26,392929600,7327100,69304200,5044638
2010-10-27,399002800,6465300,64805500,4500606
2010-10-28,551051200,5481600,80730300,4384975
2010-10-29,430511200,8439300,114193200,4573679
2010-11-01,423889200,5674600,61912100,6197342
2010-11-02,433930000,4626400,54402100,4010175
2010-11-03,508348400,5182100,110255300,6786342
2010-11-04,642488000,6622500,93599300,7168368
2010-11-05,361253200,4995800,110953700,3544637
2010-11-08,281758400,4459700,71670800,4218352
2010-11-09,383544000,5700600,58538600,4491171
2010-11-10,384227200,5172000,52277300,5012719
2010-11-11,361284000,4752200,62073100,4540154
2010-11-12,795846800,4731500,64962200,6811436
2010-11-15,403606000,3827700,51794600,6983880
2010-11-16,657650000,6342100,65339200,6639594
2010-11-17,479449600,4785900,58299700,4903310
2010-11-18,494491200,4236200,59514000,5199416
2010-11-19,384843200,5015900,52423200,4612223
2010-11-22,393075200,3730700,53350500,4389592
2010-11-23,519447600,4570300,69742500,4341412
2010-11-24,413725200,4874100,56825900,4810765
2010-11-26,237585600,2081300,21356500,2632029
2010-11-29,445785200,5040300,56603600,5740838
2010-11-30,501858000,7674800,75282100,14288156
2010-12-01,461750800,6822800,74123500,7536343
2010-12-02,462837200,5374000,91759200,5114900
2010-12-03,342092800,3710600,52622000,5282125
2010-12-06,448481600,3321800,36264200,4203296
2010-12-07,391454000,4828600,57860500,6107206
2010-12-08,321935600,4961400,41666800,3526971
2010-12-09,294151200,4405300,47148300,3751810
2010-12-10,262511200,3503800,37625800,3422179
2010-12-13,439815600,4741000,47943900,4814980
2010-12-14,351008000,4800800,64070500,3298919
2010-12-15,417312000,4447400,69634200,4351650
2010-12-16,322030800,4178600,57680200,3205771
2010-12-17,386929200,10027000,87456500,6197342
2010-12-20,385610400,3995000,52811000,3961393
2010-12-21,256354000,3777100,38153000,3773090
2010-12-22,265921600,3388800,42252300,2424052
2010-12-23,223157200,2424500,24902500,2229927
2010-12-27,249816000,2314700,21652800,2425257
2010-12-28,175924000,2699600,23042200,2137582
2010-12-29,163139200,3661100,19502500,2046040
2010-12-30,157494400,3039100,20786100,1986418
2010-12-31,193508000,2969800,24752000,3090139
2011-01-03,445138400,4603800,53443800,4748131
2011-01-04,309080800,5060100,54405600,3662677
2011-01-05,255519600,4657400,58998700,5083583
2011-01-06,300428800,5029200,88026300,4131026
2011-01-07,311931200,4135700,73762000,4218152
2011-01-10,448560000,3633400,57573600,3170238
2011-01-11,444108000,4163600,50298900,2889390
2011-01-12,302590400,4091500,52631100,3277640
2011-01-13,296780400,3445800,67077600,2678000
2011-01-14,308840000,4544200,62688400,4748934
2011-01-18,1880998000,9176900,53322700,7261115
2011-01-19,1135612800,12141000,50005900,6837734
2011-01-20,764789200,7439900,58613600,11012724
2011-01-21,754401200,7009000,58080300,17875552
2011-01-24,574683200,7285100,52047800,9232878
2011-01-25,546868000,8260800,42436600,7320938
2011-01-26,506875600,5353100,74628800,4091479
2011-01-27,285026000,4878300,146938600,4053537
2011-01-28,592057200,6725600,141249400,8493918
2011-01-31,377246800,7197200,65029000,5630827
2011-02-01,426633200,5831300,62810700,5511180
2011-02-02,258955200,3904000,45824000,3534599
2011-02-03,393797600,4683400,60340100,3001408
2011-02-04,321840400,3755200,40412200,3113226
2011-02-07,485021600,4928100,68980900,3612691
2011-02-08,381040800,5612600,34904200,3402506
2011-02-09,482745200,4633600,52905100,3698812
2011-02-10,928550000,5737800,76672400,4686300
2011-02-11,367572800,5185200,83939700,5199215
2011-02-14,310416400,4129800,56766200,4271953
2011-02-15,284174800,3768700,44116500,4199683
2011-02-16,481157600,3216000,70817900,3380624
2011-02-17,530583200,3230500,57207300,2968686
2011-02-18,816057200,4245000,68667800,6459923
2011-02-22,872555600,5209300,60889000,7307086
2011-02-23,671854400,5998100,60234100,5800862
2011-02-24,499900800,5707500,64494200,5443728
2011-02-25,380018800,4518400,53006300,3879286
2011-02-28,403074000,4773000,51379900,4580103
2011-03-01,456136800,4382800,60055000,6671312
2011-03-02,602590800,3413000,48658200,4068593
2011-03-03,500788400,4057800,68271500,3905183
2011-03-04,453266800,4910700,70437200,6044572
2011-03-07,546123200,5312000,64980400,6951358
2011-03-08,356316800,5384800,50549800,4586929
2011-03-09,453306000,9086600,39789100,4318125
2011-03-10,507539200,7041400,66549500,6279650
2011-03-11,471080400,4271000,49905800,6086729
2011-03-14,435957200,4300500,54473400,5653311
2011-03-15,721081200,6475800,76067300,8041228
2011-03-16,1162011200,12195300,100725400,7625475
2011-03-17,659422400,7376400,62497000,5820335
2011-03-18,753214000,11450000,85486700,6621928
2011-03-21,409402000,5784000,46878100,6064446
2011-03-22,325922800,4311400,30895600,3787945
2011-03-23,372996400,4782500,43969000,3646015
2011-03-24,404712000,5145800,38696700,4213133
2011-03-25,448910000,5348100,57029800,5738228
2011-03-28,309355200,3972800,48973200,4453430
2011-03-29,352900800,3456700,40763500,3221630
2011-03-30,329406000,3394100,41999300,2855262
2011-03-31,274019200,3860800,63233700,4074013
2011-04-01,418661600,4381900,63114200,5245990
2011-04-04,460084800,3225100,35433700,4124402
2011-04-05,482731200,3612000,73651100,12140335
2011-04-06,402539200,3774800,65581400,5356603
2011-04-07,373447200,3666700,46134700,5081977
2011-04-08,377535200,3324100,39887600,3817857
2011-04-11,398946800,4139000,34286300,3730330
2011-04-12,425639200,3860600,36920400,4186835
2011-04-13,346220000,4181900,38144700,4154313
2011-04-14,301800800,4699100,55239900,10953503
2011-04-15,453605600,5287400,65080400,28192678
2011-04-18,609898800,6160700,58045100,10117381
2011-04-19,419378400,6547100,38892400,5388321
2011-04-20,700666400,10891800,61608600,6142939
2011-04-21,753810400,6158400,46892300,4958717
2011-04-25,266546000,3583800,33525100,3273825
2011-04-26,338800000,7300000,69200000,7026238
2011-04-27,356213200,5299700,52689000,4614030
2011-04-28,360959200,5087700,80200000,4014993
2011-04-29,1006345200,5587700,319317900,8488699
2011-05-02,442713600,5396200,89825600,4283395
2011-05-03,313348000,5007700,71892900,4178604
2011-05-04,389250400,6890300,73292300,4249870
2011-05-05,335969200,7332000,55600000,4010576
2011-05-06,280134400,4839400,55993000,4127614
2011-05-09,204747200,3594800,38696400,3912008
2011-05-10,282091600,4934800,120798700,4101115
2011-05-11,336000000,4663200,78600000,4695133
2011-05-12,322000000,5138500,77400000,2907457
2011-05-13,326116000,5167400,66812300,4233208
2011-05-16,449775200,4662200,91350900,5938576
2011-05-17,452334400,8773200,82882100,6631965
2011-05-18,334776400,4154300,53931100,3921042
2011-05-19,261170000,3538300,37783600,4955907
2011-05-20,337968400,4869900,45451500,4652373
2011-05-23,383600000,5144000,52692500,4617242
2011-05-24,321927200,4643600,47691800,3814243
2011-05-25,294224000,3882100,34904200,2612957
2011-05-26,222560800,5771300,78016600,4252881
2011-05-27,203599200,3277600,50251000,3504687
2011-05-31,417754400,9123400,60196300,5394745
2011-06-01,554682800,5134600,74033500,5933959
2011-06-02,338783200,3854100,51487800,4425526
2011-06-03,313250000,5230500,60697700,3510108
2011-06-06,461941200,3619700,54778700,3898759
2011-06-07,529785200,4187000,41112600,3829500
2011-06-08,333723600,3850800,42205000,3319195
2011-06-09,275088800,4299800,42878700,3390862
2011-06-10,433955200,4683300,49327200,4898091
2011-06-13,329473200,5099200,47572500,4872796
2011-06-14,334569200,7050000,42894500,4700553
2011-06-15,399196000,5225600,49410200,4162142
2011-06-16,510591200,4861100,57184100,5534668
2011-06-17,615020000,7149700,83320400,10530122
2011-06-20,640645600,3956100,54338400,6079904
2011-06-21,493382400,5387300,49708700,5551531
2011-06-22,390583200,3960500,44287300,4832245
2011-06-23,559759200,5271500,59470400,9639396
2011-06-24,439807200,4402600,101387200,7639729
2011-06-27,339813600,4446700,92044200,6915223
2011-06-28,294299600,4850000,81032100,5450554
2011-06-29,352545200,3817100,66051000,4703564
2011-06-30,322954800,5105200,52535400,4875004
2011-07-01,435313200,5181700,52906200,7300662
2011-07-05,355054000,4586500,37805300,7727255
2011-07-06,444626000,5885900,48744200,5411408
2011-07-07,399663600,5905600,51946500,7900502
2011-07-08,489633200,4399900,58320700,9576160
2011-07-11,442674400,4766500,43999800,5699885
2011-07-12,451609200,5036800,47319300,5703699
2011-07-13,391638800,4074800,40861800,5601317
2011-07-14,430533600,4613100,46382300,13348848
2011-07-15,484467200,5347100,49132400,27567143
2011-07-18,572653200,8879700,44501900,8970097
2011-07-19,819145600,13245600,86730600,5957246
2011-07-20,941340400,5901100,49795400,4472301
2011-07-21,526534400,4958400,81737400,6965009
2011-07-22,516728800,4516100,76380600,7082849
2011-07-25,589806000,4987000,108482400,6286676
2011-07-26,476582400,4356200,74636500,4703364
2011-07-27,659324400,5806800,71488700,7898294
2011-07-28,594034000,4478800,83761400,6240102
2011-07-29,632584400,6665600,104394800,8305816
2011-08-01,612836000,5842700,61838400,7961932
2011-08-02,639539600,5770400,63883100,6425193
2011-08-03,732508000,6722000,64581200,7680079
2011-08-04,871407600,11022300,92949500,9866042
2011-08-05,1204590800,11871800,112071700,11902647
2011-08-08,1143833600,15804900,134257200,15049398
2011-08-09,1082583600,12517600,126268900,12987900
2011-08-10,878656800,13993600,127819900,10779453
2011-08-11,741969200,9175600,90690100,9697413
2011-08-12,528976000,5187000,64787100,6332246
2011-08-15,460544000,7645400,56529400,14343362
2011-08-16,498750000,5585400,54251500,13930821
2011-08-17,442061200,5129700,50923700,8188779
2011-08-18,851435200,15082600,105714200,12628558
2011-08-19,775888400,14068600,77397900,10860556
2011-08-22,535315200,7249100,54721000,9848577
2011-08-23,656835200,6923300,59670600,8726186
2011-08-24,626267600,6427000,45329700,7215946
2011-08-25,871346000,6751600,48192000,6610686
2011-08-26,641477200,6438200,71957000,7219560
2011-08-29,405269200,5293400,38863200,4689110
2011-08-30,417922400,4477700,57341400,6000407
2011-08-31,522586400,6074200,59300800,5406790
2011-09-01,343725200,5463900,60510800,4849108
2011-09-02,438939200,4979100,43894400,4820401
2011-09-06,509698000,5761200,54929300,5451959
2011-09-07,350576800,6796600,41961000,5532259
2011-09-08,416158400,6027200,65811900,4778845
2011-09-09,564813200,6743900,64529200,6562105
2011-09-12,467832400,5247200,55046100,5360819
2011-09-13,440560400,4723800,48792300,4726048
2011-09-14,534724400,6980700,66739200,5408999
2011-09-15,417818800,5464400,67808300,5943796
2011-09-16,698513200,11048100,89681500,7095095
2011-09-19,823860800,4755600,52324900,4955304
2011-09-20,775754000,6209600,49211900,5579033
2011-09-21,605976000,7043100,72750700,5047448
2011-09-22,968480800,8195600,96278300,8833587
2011-09-23,546277200,5586600,64768100,5575420
2011-09-26,812876400,6745700,51057600,5288147
2011-09-27,632497600,7638800,55620700,6044371
2011-09-28,429637600,7732200,60736200,4543567
2011-09-29,651086800,6944300,63407300,5834989
2011-09-30,547640800,7807400,54060500,5467617
2011-10-03,669099200,9042600,64592500,8982342
2011-10-04,1233677200,9200000,83485400,8348776
2011-10-05,786469600,5851700,94061300,9102190
2011-10-06,812582400,7180900,55111400,6874270
2011-10-07,535458000,6842600,52741600,5733209
2011-10-10,442514800,5784800,41815300,4661808
2011-10-11,605687600,5330500,38826200,5728190
2011-10-12,622286000,5338200,52489800,6379422
2011-10-13,426185200,4399200,43823500,11417837
2011-10-14,573367200,5368200,50947700,17123744
2011-10-17,686044800,8790300,39453300,8046447
2011-10-18,881602400,15729400,52487900,7630093
2011-10-19,1104059600,6708300,42880000,5884976
2011-10-20,549270400,7513800,76300200,6783331
2011-10-21,621244400,8054200,76620600,6807421
2011-10-24,502138000,5890600,56897800,6879490
2011-10-25,430427200,5373100,53554600,5100045
2011-10-26,456304800,5387700,63029900,5767738
2011-10-27,494664800,7057800,74512400,7588939
2011-10-28,322842800,5009800,57712100,5034801
2011-10-31,385501200,4710000,46799000,5134775
2011-11-01,531790000,5881200,61182600,6273627
2011-11-02,327350800,4136600,53533100,4257699
2011-11-03,441386400,4953500,65836100,5359614
2011-11-04,302229200,3237600,36549200,5690851
2011-11-07,270275600,3530800,42589700,6739969
2011-11-08,400442000,4330600,47822500,6081510
2011-11-09,558684000,5494800,62950900,7449819
2011-11-10,744752400,3881600,32514400,5758303
2011-11-11,653786000,3665300,37903000,7983814
2011-11-14,432905200,6038600,34199200,6401304
2011-11-15,430810800,4585300,43874200,5372061
2011-11-16,349210400,4616800,53262800,5236555
2011-11-17,479900400,5840500,70977500,7012787
2011-11-18,371938000,4440900,47626200,6600046
2011-11-21,447980400,5145100,61882500,6025099
2011-11-22,409021200,4178600,49204500,4828631
2011-11-23,428271200,4800900,49099700,4669035
2011-11-25,254760800,2232800,26164600,3136513
2011-11-28,346413200,4524200,46766700,5679007
2011-11-29,375855200,3661600,40917100,3677332
2011-11-30,405938400,7836800,81350900,6819466
2011-12-01,387181200,4858800,48545400,7268342
2011-12-02,379055600,4962200,52293800,8202028
2011-12-05,357210000,5699400,56818400,6418970
2011-12-06,283598000,4144900,46175300,4670441
2011-12-07,304746400,5081700,62667000,4531522
2011-12-08,376356400,4369000,60522200,4844290
2011-12-09,296993200,4847900,53788500,5553137
2011-12-12,301067200,3796100,38945900,4384172
2011-12-13,338928800,5008400,54581100,8086597
2011-12-14,406887600,5057700,47926400,7836664
2011-12-15,256200000,4474500,46213900,4835256
2011-12-16,421478400,11849400,101408100,8952029
2011-12-19,235530400,5039900,52258300,4303069
2011-12-20,337215200,4740100,60767600,4794303
2011-12-21,262948000,9282500,64132500,5014525
2011-12-22,202358800,5052000,35794100,3658261
2011-12-23,269399200,3052300,23205800,2918298
2011-12-27,265076000,2775200,21287200,3224842
2011-12-28,228662000,2872000,29822500,4270347
2011-12-29,215978000,2941600,22616900,3162610
2011-12-30,179662000,3530900,27395700,3577961
2012-01-03,302220800,5646000,64731500,7380561
2012-01-04,260022000,4346700,80516100,5749470
2012-01-05,271269600,4463100,56081400,6590410
2012-01-06,318292800,4897100,99455500,5405987
2012-01-09,394024400,5201200,59706800,11688849
2012-01-10,258196400,5161000,60014400,8824152
2012-01-11,215084800,4110800,65582400,4817992
2012-01-12,212587200,6881000,49370800,3764457
2012-01-13,226021600,5279200,60196100,4631897
2012-01-17,242897200,6003400,72395300,3832913
2012-01-18,276791200,4600600,64860600,5544103
2012-01-19,261738400,8567200,74053500,12657868
2012-01-20,413974400,12849700,165902900,21231885
2012-01-23,306062400,5751700,76078100,6851385
2012-01-24,547638000,5345700,51703300,6134508
2012-01-25,958314000,4359700,59231700,10012790
2012-01-26,323985200,4004700,49102800,6476585
2012-01-27,299709200,3360400,44187700,7262119
2012-01-30,379341200,4359000,51114800,4678471
2012-01-31,391683600,4826800,50572400,4300860
2012-02-01,270046000,5088800,67409900,4658797
2012-02-02,186796400,3907300,52223300,4847502
2012-02-03,286599600,4521700,41838500,6360753
2012-02-06,249412800,3639800,28039700,7386784
2012-02-07,316223600,3433000,39242400,4199883
2012-02-08,407890000,3803800,49659100,3686567
2012-02-09,884214800,3876400,50481600,4546377
2012-02-10,631302000,3391100,44605300,4667831
2012-02-13,517216000,2458800,33319800,3646216
2012-02-14,460398400,3398100,59644000,3620921
2012-02-15,1506120000,4020900,43311300,4869986
2012-02-16,944552000,3525500,94705100,5080773
2012-02-17,535805200,3746500,70036500,4916560
2012-02-21,605595200,3293600,50829900,4980197
2012-02-22,483302400,3275800,49253200,3948746
2012-02-23,568027600,8032700,35034700,4125405
2012-02-24,415072000,3353200,35575400,3885710
2012-02-27,547582000,3758400,34568400,3641398
2012-02-28,600387200,3167400,45230600,5716547
2012-02-29,952011200,5117100,59323600,6297316
2012-03-01,683270000,3560300,77344100,4492175
2012-03-02,431712400,3727400,47314200,3158394
2012-03-05,809124400,6938000,45240000,3198544
2012-03-06,810238800,5214700,51932900,6372597
2012-03-07,798520800,3346900,34340400,2538479
2012-03-08,516457200,3145800,36747400,2701087
2012-03-09,418919200,3178200,34628400,5361220
2012-03-12,407282400,3119700,34073600,3350512
2012-03-13,690855200,4866000,48951700,4508436
2012-03-14,1418844000,4602300,41986900,5895816
2012-03-15,1159718000,3621100,49068300,4888455
2012-03-16,825487600,9637000,65626400,6123868
2012-03-19,901236000,3763200,44789200,4361888
2012-03-20,816662000,3695100,41566800,3092548
2012-03-21,644042000,3329900,37928600,4957713
2012-03-22,623870800,3307800,31749500,4838468
2012-03-23,430488800,3036200,35912200,3894945
2012-03-26,595742000,3418200,36758300,3652038
2012-03-27,607129600,2704500,36274900,4029447
2012-03-28,655460400,3265700,41344800,5096833
2012-03-29,608238400,3403700,37038500,3863025
2012-03-30,731038000,3215200,31749400,4638722
2012-04-02,598351600,3387900,35853600,4585523
2012-04-03,834559600,4091500,42752100,4105130
2012-04-04,572980800,4404000,49455900,3267401
2012-04-05,641298000,3809000,50368600,4654782
2012-04-09,597536800,3326900,31056400,4381763
2012-04-10,889725200,4132900,54131300,4982606
2012-04-11,696614800,3366200,43014000,4414485
2012-04-12,614336800,2929600,38304000,11556354
2012-04-13,859644800,3767000,39749200,16379766
2012-04-16,1050786800,3826600,38124800,11426871
2012-04-17,1025528000,6065500,34361500,6070469
2012-04-18,954531200,10153500,40552900,5359012
2012-04-19,834719200,5762900,54781200,6613898
2012-04-20,1030985200,4758200,106045000,6139727
2012-04-23,966529200,3618800,61398200,4412076
2012-04-24,1076149200,5626300,40871100,3872661
2012-04-25,905777600,4003400,62495500,3655852
2012-04-26,536068400,3302700,40308100,4200686
2012-04-27,406722400,3496900,41419100,3285067
2012-04-30,506144800,2773200,35697200,4832646
2012-05-01,610999200,2715900,43832300,4019610
2012-05-02,427389200,2360300,37385300,3235081
2012-05-03,390549600,2826600,31501300,3750003
2012-05-04,529992400,4023600,57927200,4431348
2012-05-07,460118400,3373400,48641400,4003952
2012-05-08,497252000,3881500,46328300,5374670
2012-05-09,480704000,3742500,50309300,4675058
2012-05-10,333200000,3830500,43839200,3083314
2012-05-11,399546000,2391500,43459300,4214538
2012-05-14,352626400,3029200,40528900,3662477
2012-05-15,476336000,2987400,61822800,4219958
2012-05-16,560896000,5001000,60083700,9706446
2012-05-17,717220000,5626300,48484000,6732742
2012-05-18,732292400,5737100,56205300,11991780
2012-05-21,631106000,3831700,38787900,6173855
2012-05-22,694870400,3567100,39504900,6126679
2012-05-23,584897600,4100000,65171000,6380025
2012-05-24,496230000,3569300,52575000,3796778
2012-05-25,328507200,2901900,29507200,7190652
2012-05-29,380508800,3618500,37758800,5230934
2012-05-30,529429600,3602500,41585500,3827694
2012-05-31,491674400,9287500,39134000,5958852
2012-06-01,520987600,5206400,56634300,6138724
2012-06-04,556995600,4624500,47926300,4883637
2012-06-05,388214400,3556500,45715400,4697341
2012-06-06,401455600,3641300,46860500,4207311
2012-06-07,379766800,3701100,37792800,3530183
2012-06-08,347516400,2479200,42551100,2831373
2012-06-11,591264800,3273300,46361900,5342149
2012-06-12,435380400,3023700,35337900,6472570
2012-06-13,293580000,3247700,32984600,3923050
2012-06-14,345573200,3585000,39458900,4707379
2012-06-15,335255200,6389000,62314400,6024898
2012-06-18,440412000,3378900,58679900,5012518
2012-06-19,361404400,3297600,75725800,4167964
2012-06-20,358943200,3378200,36257100,4710992
2012-06-21,326351200,4316600,48456600,4037678
2012-06-22,284471600,8823000,45098100,4472501
2012-06-25,304382400,3211600,42217200,3175056
2012-06-26,276536400,3435900,38421300,2710522
2012-06-27,202997200,2762700,33781700,3397286
2012-06-28,282836400,3967300,45328400,3856200
2012-06-29,421500800,5259600,55227200,5057887
2012-07-02,400092000,2827000,30589100,3323410
2012-07-03,241712800,1450400,20938100,2387917
2012-07-05,484383200,2690200,28801900,4709386
2012-07-06,418930400,4952900,38294800,4339806
2012-07-09,379405600,3988100,30680800,3443057
2012-07-10,511957600,4690300,37534100,3860617
2012-07-11,469322000,5456100,39184900,7024832
2012-07-12,428041600,4931300,63523600,4636915
2012-07-13,311427200,3933000,39085000,3966813
2012-07-16,301260400,3144400,27900600,2936164
2012-07-17,293624800,5158600,33771300,3372795
2012-07-18,252700000,8019500,41090400,3108006
2012-07-19,436861600,10395400,46663200,9384444
2012-07-20,397471200,4789700,64021700,12975855
2012-07-23,487975600,3904500,55151900,7150100
2012-07-24,565132400,3597100,47723300,4033863
2012-07-25,877312800,3833800,45579500,3659666
2012-07-26,406632800,3282900,45301400,3383033
2012-07-27,403936400,4177300,44242600,7126010
2012-07-30,379142400,2787000,28905000,4389793
2012-07-31,462327600,3507000,37620900,3745185
2012-08-01,384501600,2559300,31721800,3703028
2012-08-02,332158400,2812600,39520500,3970226
2012-08-03,344920800,3278100,35859400,3808422
2012-08-06,302103200,2337800,27471800,3578162
2012-08-07,290446800,3209400,28002900,3978457
2012-08-08,244706000,2068300,26257600,2654312
2012-08-09,221642400,2160100,24920800,2148623
2012-08-10,194938800,2600500,27810300,2879954
2012-08-13,278832400,2418300,23049100,6560298
2012-08-14,340169200,2562300,34551400,7350850
2012-08-15,257342400,2111800,24351000,4839472
2012-08-16,254534000,2729500,35787200,3448277
2012-08-17,442761200,2551800,32589900,4371725
2012-08-20,613384800,2336000,23737700,3529380
2012-08-21,812719600,3111300,28822700,4461059
2012-08-22,565322800,3296100,33437400,3832712
2012-08-23,420128800,2757400,28355600,3581775
2012-08-24,437340400,2639500,22943300,2863894
2012-08-27,427008400,2498800,34691100,5246994
2012-08-28,267416800,2539200,23947900,4132632
2012-08-29,202806800,2141400,23346800,6003017
2012-08-30,302699600,2740900,23982100,3265996
2012-08-31,338321200,3193300,36590100,4270146
2012-09-04,367892000,4514400,48556700,3793365
2012-09-05,336375200,3312500,33650000,3429206
2012-09-06,391196400,3931700,48371700,6109816
2012-09-07,329666400,3413700,42649100,6490236
2012-09-10,487998000,4208000,40524000,5139191
2012-09-11,503983200,3910600,25191800,3761647
2012-09-12,712233200,3284000,32775800,5304408
2012-09-13,598360000,3879600,45047300,5337933
2012-09-14,600474000,4057100,51422800,5256630
2012-09-17,398031200,3275100,36488500,3027907
2012-09-18,373503200,2476100,34542700,4149094
2012-09-19,326874800,2605600,48871900,6219826
2012-09-20,336568400,3739100,45543000,5836595
2012-09-21,571589200,12771500,102348900,12765871
2012-09-24,639766400,3511100,46825900,7154316
2012-09-25,518789600,3345200,54266400,12162417
2012-09-26,576503200,3423300,54672000,11388327
2012-09-27,594090000,2771900,47129900,7891669
2012-09-28,535110800,4910900,54229300,5587866
2012-10-01,543594800,5456900,54042700,6359749
2012-10-02,627992400,3321000,43338900,5601317
2012-10-03,424281200,3192300,46655900,4433155
2012-10-04,370725600,2957500,43634900,4926798
2012-10-05,594006000,2858400,41133900,5492310
2012-10-08,637994000,1982600,29752000,3931883
2012-10-09,838597200,3580400,45121100,6028913
2012-10-10,510356000,4024500,47227100,4095092
2012-10-11,546081200,2910000,41488500,4785671
2012-10-12,460014800,2712000,46464700,4826423
2012-10-15,432502000,3060900,42440200,6060833
2012-10-16,549771600,5632100,47739400,4131829
2012-10-17,389037600,12673900,44206100,4602989
2012-10-18,476624400,9295900,59238500,24978074
2012-10-19,744086000,6620300,90470800,23050476
2012-10-22,546730800,4402500,83374000,8141603
2012-10-23,707145600,4427400,64414800,5855064
2012-10-24,558527200,3738000,53320400,5011715
2012-10-25,656325600,3249600,54084300,4820200
2012-10-26,1018432800,4006500,57790000,3916224
2012-10-31,510003200,6052300,69464100,3085522
2012-11-01,361298000,3758800,72047900,4115569
2012-11-02,599373600,4260100,57131600,4666225
2012-11-05,529135600,2736200,38070800,3284064
2012-11-06,374917200,3281000,43401500,3177465
2012-11-07,793648800,4746200,57871800,4481334
2012-11-08,1056146000,3542200,49841800,5213468
2012-11-09,929913600,3671600,43291200,6251545
2012-11-12,515802000,3067400,61112300,2822339
2012-11-13,532949200,3406700,131689200,3200351
2012-11-14,477170400,4404400,76086100,3349307
2012-11-15,789910800,3411700,50955600,3711660
2012-11-16,1266893600,4660800,64083300,6902174
2012-11-19,823317600,3588900,57179300,4754153
2012-11-20,642754000,3170200,47070400,4193058
2012-11-21,373002000,5189600,66360300,4240234
2012-11-23,272826400,3877600,57845700,1851916
2012-11-26,630579600,5210300,85198700,4425727
2012-11-27,533330000,3290900,45018600,5036206
2012-11-28,520864400,3603600,53018400,6106804
2012-11-29,514698800,4077900,69551400,5573814
2012-11-30,391319600,4936400,83690200,6350916
2012-12-03,364280000,3349600,53173800,4401436
2012-12-04,557068400,3990700,49777500,3998331
2012-12-05,1044638000,4202100,68283800,3738761
2012-12-06,1177212400,3216600,39182300,2935562
2012-12-07,787040800,4091300,46162100,3852988
2012-12-10,630484400,3438500,47031100,2743645
2012-12-11,592345600,4144000,52282800,5395348
2012-12-12,487144000,4241900,43966300,4870186
2012-12-13,625259600,3623200,45080100,6915625
2012-12-14,1009579200,3826900,42077500,4276168
2012-12-17,757607200,3792400,42046100,6093555
2012-12-18,625685200,4125900,50486900,6032326
2012-12-19,449369200,4270500,53519900,3851583
2012-12-20,481689600,4184500,52607300,3326422
2012-12-21,596268400,8225300,98776500,7078433
2012-12-24,175753200,1631200,20842400,1688104
2012-12-26,302436400,2776500,31631100,2373664
2012-12-27,455120400,3967600,39394000,3307150
2012-12-28,354278400,3536600,28239900,2814510
2012-12-31,659492400,4684900,42749500,4009773
2013-01-02,560518000,4234100,52899300,5101651
2013-01-03,352965200,3644700,48294400,4653778
2013-01-04,594333600,3380200,52521100,5547717
2013-01-07,484156400,2862300,37110400,3323812
2013-01-08,458707200,3026900,44703100,3364765
2013-01-09,407604400,3212000,49047900,4064578
2013-01-10,601146000,3608100,71431300,3685161
2013-01-11,350506800,3880400,55512100,2580034
2013-01-14,734207600,4172200,48324400,5749269
2013-01-15,876772400,4172100,48244500,7884844
2013-01-16,690804800,2962900,41077400,4061968
2013-01-17,453678400,3881600,51685900,4439578
2013-01-18,472922800,4559600,52167700,6477790
2013-01-22,461546400,7172300,58650600,7613230
2013-01-23,861509600,12530500,50387700,11862498
2013-01-24,1460852400,4447200,101739300,6790758
2013-01-25,1208026400,3358900,81847700,4468486
2013-01-28,785517600,2823700,56056500,3266398
2013-01-29,571158000,3617100,49242600,3507297
2013-01-30,417155200,2998400,43580500,3478991
2013-01-31,319334400,3091400,50530000,3280651
2013-02-01,539484400,3370700,55565900,7520283
2013-02-04,477117200,3188800,50540000,6103793
2013-02-05,573347600,3636900,35410400,3755424
2013-02-06,593706400,3624200,41889600,4171778
2013-02-07,704580800,3076700,38028300,5701692
2013-02-08,633158400,2893300,33318500,6062840
2013-02-11,517490400,2944700,32247700,4351851
2013-02-12,609053200,2461800,35990900,3731936
2013-02-13,475207600,2169800,41715600,2405382
2013-02-14,355275200,3294200,32663200,3483609
2013-02-15,391745200,3627800,49650900,5480064
2013-02-19,435783600,2998300,38781400,5885578
2013-02-20,476302400,3715400,44110200,5549122
2013-02-21,447182400,3922900,49078500,7039086
2013-02-22,330654800,3107900,31425900,4123197
2013-02-25,372579200,3844800,48011800,4625071
2013-02-26,501499600,3391600,49923300,4421511
2013-02-27,587350400,4185100,36394700,4067389
2013-02-28,322515200,4689200,35840200,4548586
2013-03-01,552448400,3308300,34849700,4367108
2013-03-04,582755600,3693400,38157500,5572007
2013-03-05,638433600,3807800,41432200,8118517
2013-03-06,460250000,3594800,51448500,5767537
2013-03-07,468473600,3884400,29196700,4120788
2013-03-08,391482000,3700500,37667800,5845629
2013-03-11,474236000,3049700,36627500,3201355
2013-03-12,465911600,3591600,39255200,4031655
2013-03-13,405549200,3355900,29093400,3294904
2013-03-14,303875600,5505500,55914800,3314778
2013-03-15,643960800,7930300,92710300,6222637
2013-03-18,606197200,3006000,44809400,3690381
2013-03-19,526775200,3198600,51901600,4212129
2013-03-20,308660800,3019000,35447800,2938573
2013-03-21,383255600,5830400,34233200,2966277
2013-03-22,395105200,3031500,28720900,2987556
2013-03-25,501135600,3242500,44154000,3436834
2013-03-26,294294000,2300300,27824300,2392735
2013-03-27,331237200,3223400,36047400,4342616
2013-03-28,442839600,3749900,55453800,4592750
2013-04-01,389732000,2144500,29201100,3628148
2013-04-02,529519200,3116800,28456500,4098304
2013-04-03,363216000,3128800,35062800,3490033
2013-04-04,358447600,3709500,45263200,4913548
2013-04-05,383695200,4148000,50927300,6893542
2013-04-08,300829200,2351200,34759500,5685431
2013-04-09,306614000,2577300,77733800,4330772
2013-04-10,375928000,3524200,71116700,3972033
2013-04-11,328364400,3655600,130923200,4072608
2013-04-12,238613200,3165400,62886300,3285670
2013-04-15,317520000,4218100,56332900,4924590
2013-04-16,305771200,2859500,52797300,3497059
2013-04-17,945056000,3269800,52840700,4089270
2013-04-18,666299200,6502000,56906600,6669907
2013-04-19,609274400,18847000,99790700,11649904
2013-04-22,429920400,9845400,137904000,5788415
2013-04-23,664238400,6296100,59126900,4601784
2013-04-24,969651200,3693900,90946600,3671912
2013-04-25,384837600,4650900,110700200,3999335
2013-04-26,764097600,3490300,47799300,4994049
2013-04-29,640326400,5932400,59116400,4618848
2013-04-30,691538400,7539900,75165200,4630692
2013-05-01,506909200,4899100,54330900,2920907
2013-05-02,421828400,3945100,46059500,4051730
2013-05-03,361300800,4492700,46784600,5044036
2013-05-06,496641600,4826500,40978300,4298652
2013-05-07,483753200,3451000,43078300,3932686
2013-05-08,472598000,3601700,51595700,4955104
2013-05-09,398487600,3542300,46417800,4417697
2013-05-10,334852000,3279200,36394900,3809626
2013-05-13,316948800,3648400,36027600,2907859
2013-05-14,447118000,3699700,56870100,3170439
2013-05-15,741613600,4028100,46303900,8001680
2013-05-16,603204000,4507000,59382900,6443261
2013-05-17,427904400,5704100,60666700,5604930
2013-05-20,451578400,3614500,54020800,4562437
2013-05-21,456022000,2982900,48702400,3980866
2013-05-22,443038400,5186800,66047500,5140396
2013-05-23,353021200,5179100,51102700,4567255
2013-05-24,276166800,3295800,33174400,4610818
2013-05-28,386145200,4011500,48212100,4531923
2013-05-29,330576400,3439400,38412200,4041893
2013-05-30,353519600,4399700,51131000,4257298
2013-05-31,384302800,4949000,56165700,3953564
2013-06-03,372352400,3322000,51252600,4969959
2013-06-04,292728800,3598300,65529500,3751208
2013-06-05,290589600,4215400,46025100,4229394
2013-06-06,416934000,3679400,37618500,5177534
2013-06-07,404535600,2953400,40757300,5369250
2013-06-10,450153200,2652300,35994500,4693125
2013-06-11,286112400,2814400,39435900,3528376
2013-06-12,265227200,3409800,37372700,4426128
2013-06-13,285832400,2899500,45654900,4155317
2013-06-14,271866000,2804500,53192600,4506830
2013-06-17,259414400,3219900,49670100,4308690
2013-06-18,195025600,3277800,28616500,4350044
2013-06-19,310940000,2846100,30816200,5853659
2013-06-20,357310800,4514800,54493700,6769278
2013-06-21,481118400,8914800,85338500,7994453
2013-06-24,480746000,4356200,56109000,6056416
2013-06-25,314162800,3846200,44073400,5125540
2013-06-26,367724000,3320200,48665900,3676529
2013-06-27,337246000,3514200,28993100,3867442
2013-06-28,578516400,10055800,65545500,4716212
2013-07-01,391053600,4442400,31055400,3462530
2013-07-02,469865200,3657700,37630000,3797180
2013-07-03,240928800,1872600,15994400,2101849
2013-07-05,274024800,2405400,26085900,3416558
2013-07-08,298138400,2947500,32396900,3953764
2013-07-09,352584400,5204200,25318500,3973639
2013-07-10,281405600,3892000,29658800,3429607
2013-07-11,326292400,4177500,53638300,5187772
2013-07-12,279563200,4494700,35501200,5155652
2013-07-15,241917200,5674700,34142600,3935697
2013-07-16,216538000,3745300,36378500,3980866
2013-07-17,198990400,6868400,37285100,3023490
2013-07-18,218878800,8393400,49547100,7296246
2013-07-19,268721600,6997600,248428500,14773769
2013-07-22,207796400,3398000,79040700,5828164
2013-07-23,369395600,2863800,65810400,4106736
2013-07-24,591936800,2957900,52803100,4172581
2013-07-25,229493600,3014300,63213000,6024698
2013-07-26,200152400,2485100,38633600,3568727
2013-07-29,248057600,2113700,28870700,3797983
2013-07-30,309422400,2663200,45799500,3524361
2013-07-31,322957600,3810000,43898400,4363294
2013-08-01,206250800,2877700,42557900,4292830
2013-08-02,274783600,3874000,29199900,3440648
2013-08-05,318855600,2490900,30984000,2629218
2013-08-06,334857600,5938500,36331500,3023490
2013-08-07,298858000,3901700,38078600,2768739
2013-08-08,255777200,4547600,59034400,2987155
2013-08-09,266865200,3249600,26800700,2657323
2013-08-12,364434000,3026500,25493700,2764323
2013-08-13,881941200,3542900,39464100,2850244
2013-08-14,756372400,2892300,48519600,4180009
2013-08-15,490294000,3692400,33338000,3752412
2013-08-16,362306000,3426400,32866300,3362757
2013-08-19,510518400,3248900,27902500,3635375
2013-08-20,358688400,3117800,22979600,2475243
2013-08-21,335879600,3551000,37409100,3527774
2013-08-22,244207600,2354300,31169900,1746321
2013-08-23,222731600,2292700,225493800,2162274
2013-08-26,330965600,2170400,72786800,2112890
2013-08-27,424188800,3190700,58522300,3481200
2013-08-28,307608000,3979200,44257400,2669770
2013-08-29,239657600,2980900,45284700,2968084
2013-08-30,272297200,2731000,42790200,3737155
2013-09-03,331928800,3487200,154507000,4110550
2013-09-04,345032800,2597900,142320600,4097702
2013-09-05,236367600,2867600,71644900,2592280
2013-09-06,359525600,2903500,75434900,3134907
2013-09-09,340687200,3017200,49628500,2478455
2013-09-10,743195600,3149600,56881200,2584852
2013-09-11,898696400,4962900,39087500,3233274
2013-09-12,404051200,3354800,32860200,2199212
2013-09-13,298835600,3710400,40899000,2660736
2013-09-16,543706800,3902400,52839700,2683019
2013-09-17,399380800,2930900,84716500,2528241
2013-09-18,456862000,3841800,64099900,3883903
2013-09-19,404541200,3178100,42026600,3207779
2013-09-20,699302800,8525900,102904900,8723175
2013-09-23,762106800,3340800,39826100,3568124
2013-09-24,364344400,3085300,40685000,2984746
2013-09-25,316957200,2654500,28907500,3310362
2013-09-26,237221600,2093600,28504000,2529245
2013-09-27,228040400,3905500,55348000,2527037
2013-09-30,260156400,3978200,39839500,3457712
2013-10-01,353883600,2681200,36718700,3382230
2013-10-02,289184000,3617100,46946800,3001810
2013-10-03,322753200,3211800,38703800,4249870
2013-10-04,258868400,2863600,33008100,2726180
2013-10-07,312292400,3966400,35069300,2596897
2013-10-08,290917200,5578300,41017600,3901971
2013-10-09,301725200,4423500,35878600,5322475
2013-10-10,278602800,3658900,42875100,4527507
2013-10-11,267738800,3232600,30033300,2828362
2013-10-14,261898000,2663100,27757900,2496523
2013-10-15,320073600,3365100,47097800,3195734
2013-10-16,251101200,6718000,35111600,4030250
2013-10-17,253593200,22368900,31359200,8545110
2013-10-18,290542000,10548000,41811700,23219507
2013-10-21,398106800,7098700,27433500,7283800
2013-10-22,534063600,6977300,40438500,4433757
2013-10-23,313723200,5409400,58600500,5346365
2013-10-24,384764800,5533300,53209700,4199883
2013-10-25,337792000,4842800,113494000,4076222
2013-10-28,550440800,3712700,38383600,2326086
2013-10-29,635807200,8904600,31702200,3222032
2013-10-30,354163600,5273700,36997700,2658126
2013-10-31,275696400,4318100,41682300,3292294
2013-11-01,274890000,3644500,40264600,2576220
2013-11-04,244627600,3483300,28060700,2286137
2013-11-05,265213200,6096800,51681900,2371656
2013-11-06,223375600,4560700,88948800,1832644
2013-11-07,262620400,5219500,60437400,3371791
2013-11-08,279316800,6275000,36737800,2591276
2013-11-11,227452400,5222300,26872500,2233541
2013-11-12,204276800,4258500,31651600,2445331
2013-11-13,197220800,4704400,44957600,3170640
2013-11-14,282419200,6321500,46183700,2342146
2013-11-15,317920400,5176100,50601300,2562168
2013-11-18,244944000,5344900,53277500,3532592
2013-11-19,208938800,4577000,44275000,2271683
2013-11-20,193916800,3645800,32229900,1934624
2013-11-21,262026800,4459500,23064700,2191785
2013-11-22,223725600,7610200,27982000,2517802
2013-11-25,229311600,7161900,30646800,3238092
2013-11-26,401382800,5756000,34465300,4589739
2013-11-27,363448400,4596500,26002100,2255623
2013-11-29,318127600,2870500,22090400,2394542
2013-12-02,472544800,4560000,42950400,2756694
2013-12-03,450968000,5864000,52109800,3364765
2013-12-04,377809600,5267400,51983600,2392133
2013-12-05,447580000,4384900,116305000,2275899
2013-12-06,344352400,4739800,36457300,2868311
2013-12-09,320493600,3796600,30286000,2976314
2013-12-10,278269600,4127800,37828600,3721698
2013-12-11,359718800,4090400,39853400,3436432
2013-12-12,262290000,5671600,36012800,3204968
2013-12-13,332822000,4184400,40066100,4341010
2013-12-16,282592800,7517000,31734200,3216009
2013-12-17,229902400,5471900,45687700,3082912
2013-12-18,565863200,5697700,63192100,4437169
2013-12-19,320308800,5927000,34160100,3343887
2013-12-20,436413600,7653500,62649100,6547651
2013-12-23,501306400,4079900,25128700,3456106
2013-12-24,167554800,1613600,14243000,1473904
2013-12-26,204008000,3325700,17612800,2685629
2013-12-27,225884400,3381600,14563000,3151167
2013-12-30,253629600,3018600,16290500,2481466
2013-12-31,223084400,3619700,17503500,2725979
2014-01-02,234684800,4546500,30632200,3656454
2014-01-03,392467600,4063200,31134800,3345894
2014-01-06,412610800,4067800,43603700,3551864
2014-01-07,317209200,5932300,35802800,5124336
2014-01-08,258529600,4603700,59971700,4501811
2014-01-09,279148800,4321300,36516300,4184626
2014-01-10,304976000,4022400,40548800,4303069
2014-01-13,378492800,5784700,45901900,4855933
2014-01-14,332561600,4619200,41623300,4983811
2014-01-15,391638800,4816500,44812600,3915020
2014-01-16,229278000,4770300,38018700,3380423
2014-01-17,426739600,7644600,46267500,5422850
2014-01-21,328526800,11076300,31567300,3974642
2014-01-22,379985200,13796100,21904300,3154580
2014-01-23,403239200,6973900,43954000,3912811
2014-01-24,429354800,6890600,76395500,7814180
2014-01-27,554878800,5208600,44420800,8739837
2014-01-28,1065523200,5333300,36205500,4436969
2014-01-29,502810000,4970900,52745900,4777641
2014-01-30,678501600,4853700,35036300,10220968
2014-01-31,464797200,5193400,93162300,11174328
2014-02-03,401464000,7186800,64063100,9172452
2014-02-04,376681200,4349800,54697900,5644879
2014-02-05,328344800,4712300,55814400,4806950
2014-02-06,257765200,4292200,35351800,3907793
2014-02-07,370280400,4692900,33260500,5292162
2014-02-10,345559200,3540400,26767000,3904982
2014-02-11,282256800,4647300,32141400,4116974
2014-02-12,308100800,3983000,27051800,3461928
2014-02-13,307398000,4482000,37635500,3686567
2014-02-14,272924400,4659900,31407500,4389793
2014-02-18,260251600,4435200,32834000,4233609
2014-02-19,313768000,4671500,29750400,4222970
2014-02-20,305858000,4968200,27526100,3414350
2014-02-21,278784800,5699300,38021300,3738561
2014-02-24,288909600,4595300,32085100,3361151
2014-02-25,231952000,3902300,30736500,2888185
2014-02-26,276217200,3740700,41041800,3979260
2014-02-27,301882000,3827800,33903400,2529446
2014-02-28,371968800,4667900,41215000,4644544
2014-03-03,238781200,3950100,29717500,4225379
2014-03-04,259140000,4733000,26802400,2946403
2014-03-05,200062800,3485200,20520100,2479860
2014-03-06,185488800,3817300,23582200,2545706
2014-03-07,220729600,4117800,26591600,3041558
2014-03-10,178584000,4591200,19006600,2438305
2014-03-11,279224400,4229500,25216400,3438841
2014-03-12,199326400,4833000,30494100,3943325
2014-03-13,257742800,4913200,32169700,4708784
2014-03-14,237199200,5490300,27195600,4604996
2014-03-17,199544800,4938100,20479600,4340408
2014-03-18,209647200,3961300,64063900,3643606
2014-03-19,224756000,4323900,35597200,3237891
2014-03-20,208398400,5062600,59269800,3382029
2014-03-21,374046400,12535200,80721800,6441052
2014-03-24,355700800,5738500,46098400,6096968
2014-03-25,282293200,10912700,43193100,4838468
2014-03-26,299768000,6851700,41977500,5179341
2014-03-27,222031600,6767700,35369200,13136
2014-03-28,200564000,5194400,43472700,41213
2014-03-31,168669200,8537300,46886300,10830
2014-04-01,200760000,5394100,32605000,7922
2014-04-02,180420800,4924100,28666700,147103
2014-04-03,162344000,4091100,30139600,5099161
2014-04-04,275251200,6089900,51409600,6369339
2014-04-07,289850400,6740500,37559600,4401652
2014-04-08,243888400,5125000,35918600,3151228
2014-04-09,206169600,5480100,27398700,3330820
2014-04-10,239652000,8417900,45960800,4036853
2014-04-11,271717600,4835000,34330200,3924846
2014-04-14,205674000,5431100,32006600,2575050
2014-04-15,266490000,5351300,33968700,3855055
2014-04-16,214765600,8527300,30615800,4893298
2014-04-17,284334400,11249600,36688400,6809544
2014-04-21,182548800,5419700,22221200,2566728
2014-04-22,202563200,3878600,27056700,2365376
2014-04-23,394940000,4736400,24602800,2052319
2014-04-24,759911600,4407100,42381600,1883156
2014-04-25,390275200,3871000,56876800,2100351
2014-04-28,669485600,5638300,50610200,3335533
2014-04-29,337377600,4626300,29636200,2699090
2014-04-30,456640800,4206800,35458700,1751195
2014-05-01,244048000,3674000,28787400,1905517
2014-05-02,191514400,3049900,43416600,1688523
2014-05-05,287067200,2222100,22460900,1024104
2014-05-06,374564400,3188700,27112400,1689025
2014-05-07,282864400,3821000,41744500,3224328
2014-05-08,230297200,2431900,32120400,2021334
2014-05-09,291597600,2261600,29647600,2439479
2014-05-12,213208800,3777400,22782600,1912536
2014-05-13,159737200,2226600,27004800,1653427
2014-05-14,166404000,5251500,18818700,1191763
2014-05-15,230846000,4202200,37793200,1704367
2014-05-16,276256400,3949500,29867100,1485267
2014-05-19,317755200,3270700,24537400,1277799
2014-05-20,234836000,3026500,21320900,1784787
2014-05-21,196859600,2988000,22398700,1196275
2014-05-22,200760000,2218000,20201800,1615824
2014-05-23,232209600,2562900,18020000,1932190
2014-05-27,348866000,4793800,26160600,2104161
2014-05-28,315481600,3721600,25711500,1652023
2014-05-29,376474000,2759900,19888200,1354108
2014-05-30,564020800,4620500,34567600,1771149
2014-06-02,369350800,3200500,18504300,1435029
2014-06-03,292709200,2517100,18068900,1866611
2014-06-04,335482000,2376800,23209000,1816473
2014-06-05,303805600,2852200,31865200,1689125
2014-06-06,349938400,3296700,24060500,1736755
2014-06-09,301660000,2728400,15019200,1467518
2014-06-10,251108000,4154900,15117700,1351701
2014-06-11,182724000,4061700,18040000,1100112
2014-06-12,218996000,4425300,29818900,1458493
2014-06-13,218100000,2773600,26310000,1220542
2014-06-16,142244000,3556200,24205300,1702562
2014-06-17,118904000,2460900,22518600,1444555
2014-06-18,134056000,3931800,27097000,1741769
2014-06-19,142112000,3551100,19828200,2456827
2014-06-20,403592000,10686800,47764900,4508344
2014-06-23,174776000,3231700,18743900,1536808
2014-06-24,156144000,3875400,26509100,2207143
2014-06-25,147476000,2762800,20049100,1969392
2014-06-26,130516000,3258500,23604400,1741969
2014-06-27,256116000,4575500,74640000,2236925
2014-06-30,197929200,4223800,30793100,1313797
2014-07-01,152892000,6643100,26917000,1447965
2014-07-02,113860000,5093000,20208100,1056392
2014-07-03,91567200,2422400,15969300,714155
2014-07-07,225872000,2958700,21952400,1064615
2014-07-08,260888000,3135100,31218200,1909528
2014-07-09,145744000,3309600,18445900,1116758
2014-07-10,158744000,3177800,21854700,1356715
2014-07-11,136072000,2402500,24083000,1621740
2014-07-14,171240000,4501100,21881100,1854076
2014-07-15,181911600,4864700,28748700,1623044
2014-07-16,213585200,7812600,63318000,1397125
2014-07-17,229192000,8872300,82180300,3016559
2014-07-18,199952000,8166400,43407500,4014191
2014-07-21,156316000,4154400,37604400,2062146
2014-07-22,220788000,4853000,43095800,1699152
2014-07-23,371672000,3584200,52362900,1233176
2014-07-24,182916000,3612700,30725300,1035134
2014-07-25,173876000,3376400,26737700,932453
2014-07-28,221272000,3242400,29684200,986802
2014-07-29,172572000,3264100,27763100,1349896
2014-07-30,132040000,3943800,31921400,1016483
2014-07-31,227372000,4207500,31537500,2102757
2014-08-01,194044000,5181100,31170300,1955253
2014-08-04,159832000,2125900,34277400,1427308
2014-08-05,223732000,3307900,26266400,1551247
2014-08-06,154232000,3847000,24634000,1334353
2014-08-07,186844000,2708600,30314900,1110942
2014-08-08,167460000,2781500,28942700,1494793
2014-08-11,146340000,2527200,20351600,1214726
2014-08-12,135180000,1858600,21431100,1542022
2014-08-13,127664000,1795000,22889500,1439241
2014-08-14,112464000,1929500,19313200,985498
2014-08-15,195804000,2814800,41611300,1519159
2014-08-18,190288000,2420300,26891100,1284116
2014-08-19,277596000,2040100,28139500,978680
2014-08-20,210796000,2177600,24770500,1036739
2014-08-21,133912000,2496500,22285500,914805
2014-08-22,176736000,1940300,18294500,789060
2014-08-25,161080000,1723600,16910000,1361428
2014-08-26,132608000,3175400,14873100,1639689
2014-08-27,209476000,2190200,21287900,1703364
2014-08-28,273840000,1503600,17657600,1292940
2014-08-29,178380000,2909400,21607600,1083767
2014-09-02,214256000,2679700,22976800,1578422
2014-09-03,501684000,1822800,33684500,1215127
2014-09-04,342872000,2865000,26475500,1458193
2014-09-05,233828000,2260200,36939400,1632369
2014-09-08,185426800,2524200,45736700,1431018
2014-09-09,759385200,2403600,40302400,1287224
2014-09-10,403478400,2764000,27302400,977376
2014-09-11,249412400,2298500,29216400,1221043
2014-09-12,250504400,2901000,38244700,1601685
2014-09-15,245266000,2456400,37667600,1597574
2014-09-16,267632400,2561500,27910600,1480353
2014-09-17,243706000,3210800,38311900,1692835
2014-09-18,149197600,2963300,35556600,1444555
2014-09-19,283609600,8852000,202522400,3736631
2014-09-22,211153600,3318000,38686100,1689526
2014-09-23,253608800,3301800,33430300,1471429
2014-09-24,240687200,3082600,26582700,1728132
2014-09-25,400368000,4151400,33077400,1925973
2014-09-26,249482000,2493900,27078800,1443653
2014-09-29,199065200,2336300,26091000,1282411
2014-09-30,221056400,2932600,33033100,1621740
2014-10-01,205965200,3723200,38088400,1445458
2014-10-02,191031200,2283100,25119400,1178427
2014-10-03,173878400,3071500,32453200,1141726
2014-10-06,148204800,2099500,20604000,1214626
2014-10-07,168376800,2991300,25723700,1911333
2014-10-08,229618800,2984800,33031000,1990851
2014-10-09,309506000,2625400,34422800,2524813
2014-10-10,265326400,5090200,51978100,3081938
2014-10-13,214333600,3596700,37100200,2581669
2014-10-14,254754400,3924700,38115700,2222585
2014-10-15,403734400,6895800,60218700,3719384
2014-10-16,288618000,5578600,49040400,3708554
2014-10-17,272718800,4350200,40683300,5539367
2014-10-20,310069200,23416500,34527900,2607539
2014-10-21,378495600,20949800,36433800,2336297
2014-10-22,273052400,11084800,33570900,2919293
2014-10-23,284298800,7599400,45451900,2348831
2014-10-24,188215600,6652100,61076700,1973102
2014-10-27,136750800,4989100,30371300,1185345
2014-10-28,192243600,7895300,29049800,1270980
2014-10-29,210751600,4739300,30276100,1770548
2014-10-30,162619200,3896000,30073900,1455686
2014-10-31,178557200,5818000,35849700,2035072
2014-11-03,209130400,4688200,23130400,1382285
2014-11-04,166297600,4246900,21530800,1244207
2014-11-05,149743600,4104700,22449600,2032264
2014-11-06,139874000,4067600,33037800,1333250
2014-11-07,134766000,3494800,28000600,1633773
2014-11-10,108782000,4958200,36370100,1134607
2014-11-11,109769200,3534400,23445200,965544
2014-11-12,187769600,3378200,22722100,1129693
2014-11-13,238091600,3239700,26210400,1339367
2014-11-14,176254400,4978400,29081700,1289531
2014-11-17,186986800,4798900,30318600,1726026
2014-11-18,176896000,5410100,23995500,1962674
2014-11-19,167476800,3802600,26177500,1392212
2014-11-20,173582000,4183100,21510600,1563381
2014-11-21,228717200,4076900,42884800,2224290
2014-11-24,189803200,6619000,35434200,1706372
2014-11-25,275361600,4062400,28008000,1789901
2014-11-26,163073200,3966000,27163600,1522970
2014-11-28,99257600,2405500,21534400,1148344
2014-12-01,335256000,4168400,31191600,2115392
2014-12-02,237395600,3465700,25773500,1526680
2014-12-03,172253600,6429100,23534800,1277999
2014-12-04,168178000,3859400,30320400,1392112
2014-12-05,153275600,3013500,27313400,2565625
2014-12-08,230659600,2851000,26663100,2329378
2014-12-09,240832000,3861200,24330500,1871324
2014-12-10,178261200,4072800,30431800,1712288
2014-12-11,165606800,3989600,29060400,1610810
2014-12-12,224112400,8611700,34248400,1994561
2014-12-15,268872400,6500300,29247800,2813403
2014-12-16,243162800,6782600,47801400,3964254
2014-12-17,213647200,5131000,34970900,2883194
2014-12-18,236024800,7302400,40105600,2926713
2014-12-19,353719200,8864900,64551200,3690204
2014-12-22,180670000,4682500,26566000,2723758
2014-12-23,104113600,4043300,23648100,2197617
2014-12-24,57918400,1868100,11437800,705933
2014-12-26,134884000,1912200,13197800,1040549
2014-12-29,110395600,3331800,14439500,2278539
2014-12-30,119526000,2829900,16384700,876299
2014-12-31,165613600,4011900,21552500,1368246
2015-01-02,212818400,5525500,27913900,1447563
2015-01-05,257142000,4880400,39673900,2059840
2015-01-06,263188400,6146700,36447900,2899940
2015-01-07,160423600,4701800,29114100,2065054
2015-01-08,237458000,4236800,29645200,3353582
2015-01-09,214798000,4488300,23944200,2071371
2015-01-12,198603200,4187600,23651900,2326771
2015-01-13,268367600,4377500,35270600,2370490
2015-01-14,195826400,4690300,29719600,2235721
2015-01-15,240056000,4248400,32750800,2715836
2015-01-16,314053200,5756000,35695300,2298293
2015-01-20,199599600,8392800,36161900,2232011
2015-01-21,194303600,11897100,39081100,2268712
2015-01-22,215185600,6120100,35898000,2676929
2015-01-23,185859200,4834800,26211600,2281747
2015-01-26,222460000,7888100,42525500,1543727
2015-01-27,382274800,5659600,169164000,1904013
2015-01-28,585908400,4495900,84507100,1683810
2015-01-29,337745600,8320800,63585300,4186362
2015-01-30,334982000,6563600,78004900,5606350
2015-02-02,250956400,4712200,50352500,2849803
2015-02-03,207662800,5539400,52082400,2038682
2015-02-04,280598800,3678500,41614800,1663655
2015-02-05,168984800,5253600,36548200,1849765
2015-02-06,174826400,3256500,34616600,1763529
2015-02-09,155559200,3057700,31381100,1267771
2015-02-10,248034000,4440600,29670700,1749891
2015-02-11,294247200,3626700,38262500,1377772
2015-02-12,297898000,3333100,33268800,1620236
2015-02-13,217088800,3706900,40264900,1900303
2015-02-17,252609600,2894500,33695700,1616827
2015-02-18,179566800,4358400,27111700,1453079
2015-02-19,149449600,3504400,27603400,989108
2015-02-20,195793600,3353000,29721100,1444355
2015-02-23,283896400,2714400,32518800,1457892
2015-02-24,276912400,4701600,25271700,1005052
2015-02-25,298846800,4004600,29759800,1826000
2015-02-26,365150000,7110800,28957300,2311529
2015-02-27,248059200,4410000,33807700,2410199
2015-03-02,192386800,5917900,31924000,2129631
2015-03-03,151265200,3234400,31748600,1704768
2015-03-04,126665200,3633600,25748700,1876839
2015-03-05,226068400,3791700,23193500,1389605
2015-03-06,291368400,4540200,36248800,1659143
2015-03-09,354114000,5193900,32108000,1062108
2015-03-10,275426400,4601000,39159700,1792307
2015-03-11,275756000,5709900,32215300,1820785
2015-03-12,193450800,4567300,59992500,1389605
2015-03-13,207309200,6064100,58007700,1703564
2015-03-16,143497200,3749600,35273500,1640993
2015-03-17,204092400,3311700,31673400,1805544
2015-03-18,261083600,5738800,44194800,2134544
2015-03-19,183238000,3878600,33879100,1197278
2015-03-20,274780400,9006400,71904500,2616865
2015-03-23,150838800,5930100,26246100,1643801
2015-03-24,131369200,4346100,25513300,2583273
2015-03-25,206620800,5428900,43469900,2152293
2015-03-26,190291600,4396000,37495600,1572606
2015-03-27,158184800,3477900,34401400,1897495
2015-03-30,188398800,4138000,35049700,1287525
2015-03-31,168362400,4255400,34887200,1588048
2015-04-01,162485600,3700800,36865300,1963075
2015-04-02,128880400,4671600,37487500,1716399
2015-04-06,148776000,3465700,39223700,1324426
2015-04-07,140049200,3148000,28809400,1302867
2015-04-08,149316800,2524300,24753400,1178527
2015-04-09,129936000,2263500,25723900,1557865
2015-04-10,160752000,2515700,28022000,1409459
2015-04-13,145460400,3868900,30276700,1645305
2015-04-14,102098400,2719300,24244400,2604130
2015-04-15,115881600,3498800,27343600,2318849
2015-04-16,113476000,3136900,22509700,1299859
2015-04-17,207828000,4314400,42387600,2151892
2015-04-20,188217200,9609200,46057700,1679298
2015-04-21,129740400,9683600,26013800,1844751
2015-04-22,150618000,4024800,25064300,1593563
2015-04-23,183083600,8235600,46309500,4184858
2015-04-24,178103600,3888400,130933700,4932505
2015-04-27,387816800,3168600,59248200,2398000
2015-04-28,475696000,5816700,60730800,1491000
2015-04-29,253544400,4518400,47804600,1698800
2015-04-30,332781600,5062900,64725500,2082200
2015-05-01,234050400,3312100,38937300,1768200
2015-05-04,203953200,4028000,34039500,1308000
2015-05-05,197085600,3593600,50369200,1383100
2015-05-06,288564000,3612600,52433000,1567000
2015-05-07,175763600,2472000,32971700,1546300
2015-05-08,222201600,3092600,35364900,1527600
2015-05-11,168143200,2661000,24609400,905300
2015-05-12,192640000,2962400,29928300,1634200
2015-05-13,138776800,2457500,34184600,1252300
2015-05-14,180814000,2439100,32980900,1403900
2015-05-15,152832000,2916600,28642700,1971300
2015-05-18,203531600,1970600,24136500,2003400
2015-05-19,178532800,2523000,28574800,1966900
2015-05-20,145819600,2300300,25047900,1430800
2015-05-21,158921600,2295600,22410700,1462700
2015-05-22,182384000,2849700,25720600,1176200
2015-05-26,282790400,3854200,29581900,2406500
2015-05-27,183332800,2764400,27335600,1525000
2015-05-28,122933200,1731400,19283700,1029800
2015-05-29,203538000,4092000,36519600,2597400
2015-06-01,128451200,2985500,28837300,1904300
2015-06-02,134670400,2571400,21498300,1939000
2015-06-03,123934000,2131000,28002200,1717000
2015-06-04,153800400,3079300,27745500,1348300
2015-06-05,142507200,3100500,25438100,1388200
2015-06-08,210699200,3758700,22121600,1520600
2015-06-09,224301600,3395900,24406100,1455300
2015-06-10,156349200,4680500,28417400,1815000
2015-06-11,141563600,3464000,27347800,1217500
2015-06-12,147544800,3065100,23931000,955800
2015-06-15,175955600,4245700,33254500,1632700
2015-06-16,125976400,3249800,27070300,1071800
2015-06-17,131672400,2863000,28704100,1294200
2015-06-18,141628800,3330900,32658300,1833100
2015-06-19,218867600,7074000,63837000,1893500
2015-06-22,136157200,2335800,20318100,1250300
2015-06-23,121075600,3701600,25896500,1197500
2015-06-24,221123600,3548100,34890900,1286600
2015-06-25,127752400,2408900,20616000,1335700
2015-06-26,176267200,8946000,49835300,2109100
2015-06-29,196645600,3314700,34081700,1937800
2015-06-30,177482800,3597300,35945400,2217200
2015-07-01,120955200,3214500,28343900,1961000
2015-07-02,108844000,2852700,21752000,1235900
2015-07-06,112241600,3079800,23034000,1280500
2015-07-07,187787200,3549900,36435800,1597200
2015-07-08,243046400,2776300,39785900,1296700
2015-07-09,314380000,4199700,32424700,1842300
2015-07-10,245418000,4538300,25465800,1956700
2015-07-13,165762000,4229000,28178300,2206500
2015-07-14,127072400,3025300,22880300,3244100
2015-07-15,134596800,1998000,26629600,1784600
2015-07-16,144889600,3529900,26271700,4768300
2015-07-17,184658800,4356400,29467100,11164900
2015-07-20,235600800,7377800,30631900,5860900
2015-07-21,307025600,13752300,42781900,3377200
2015-07-22,461802400,7181800,59152400,3929300
2015-07-23,203998000,5034200,33934000,3029100
2015-07-24,168649200,3778200,32333200,3625700
2015-07-27,177822000,3706200,39701400,2675400
2015-07-28,134472400,2721000,34328900,1727300
2015-07-29,148046800,3378400,40945900,1575100
2015-07-30,134513200,1994700,39777900,1474200
2015-07-31,171540000,3580200,31201500,1706100
2015-08-03,279904000,4615700,24125900,1304500
2015-08-04,496554400,5260600,33403900,1490900
2015-08-05,397250400,3472800,26959700,2334300
2015-08-06,211612000,3004800,27368000,1572600
2015-08-07,154681600,3794900,19163000,1403900
2015-08-10,219806400,4613400,23079900,1809200
2015-08-11,388331200,3167100,29237400,5029200
2015-08-12,404870000,3560300,30181400,2936700
2015-08-13,194143200,2533400,22627200,1810700
2015-08-14,171718000,3226400,21473400,1072100
2015-08-17,163538800,2249600,21099700,1051700
2015-08-18,138242800,2018300,23574100,1456100
2015-08-19,193146000,4206400,31485500,2134100
2015-08-20,274006400,4011500,36238200,2855300
2015-08-21,513102000,7362100,70053100,4265200
2015-08-24,648825200,10189700,88753700,5770300
2015-08-25,414406400,7073200,70616600,3538000
2015-08-26,387098400,6221800,63408000,4235900
2015-08-27,338464400,4976600,50943200,3491300
2015-08-28,212657600,4076300,28246700,1978700
2015-08-31,224917200,4093100,34441700,2176700
2015-09-01,307383600,5272000,49688900,3702100
2015-09-02,247555200,4252000,37671500,2575600
2015-09-03,212935600,3603500,28285200,1759600
2015-09-04,199985200,4201100,37138800,2089000
2015-09-08,219374400,3933300,32469800,2279500
2015-09-09,340043200,3407800,33469500,1702100
2015-09-10,251571200,3461700,31366600,1905300
2015-09-11,199662000,3115100,27132500,1373500
2015-09-14,233453600,3226700,23656000,1702300
2015-09-15,173364800,2717100,28882200,2084400
2015-09-16,148694000,2799200,23372200,1286500
2015-09-17,256450400,4003000,32768200,2274700
2015-09-18,297141200,7975800,63143700,5133400
2015-09-21,200888000,3825000,26177200,1788500
2015-09-22,201384800,3564100,28085900,2562900
2015-09-23,143026800,2674200,17145200,1470900
2015-09-24,200878000,3280300,27905600,2240100
2015-09-25,224607600,3474400,29384600,2174000
2015-09-28,208436000,4317300,27613800,3127700
2015-09-29,293461600,4763500,32763600,2309500
2015-09-30,265892000,3946200,34958900,2413400
2015-10-01,255716400,3880900,28657900,1867600
2015-10-02,232079200,3054400,41839000,2684800
2015-10-05,208258800,5131800,34369300,1803600
2015-10-06,192787200,3018100,27017200,2166300
2015-10-07,187062400,2980800,27711500,2092700
2015-10-08,247918400,4794400,33772700,2182100
2015-10-09,211064400,3531100,28600600,1648700
2015-10-12,121868800,3227600,19769100,1275200
2015-10-13,132197200,3915700,19987800,1807700
2015-10-14,177849600,3353000,24697800,1415500
2015-10-15,150694000,3476200,27189400,1885700
2015-10-16,156930400,3483700,26450300,1611100
2015-10-19,119036800,7954700,29387600,1477300
2015-10-20,195871200,16025600,30802200,2498200
2015-10-21,167180800,6990600,25144300,1791100
2015-10-22,166616400,5583200,56637100,4071000
2015-10-23,237467600,5370400,135227100,6653900
2015-10-26,265335200,3489400,64633300,2716600
2015-10-27,279537600,15008500,50999900,2245800
2015-10-28,342205600,8511400,47000800,2178900
2015-10-29,204909200,3710400,30202100,1456000
2015-10-30,197461200,3984000,46619800,1908800
2015-11-02,128813200,3822200,30285000,1886300
2015-11-03,182076000,4349400,36596900,1565400
2015-11-04,179544400,3516900,37087800,1706700
2015-11-05,158210800,5096900,31468500,1861600
2015-11-06,132169200,4744900,32851200,1511600
2015-11-09,135485600,8075600,32513100,2069800
2015-11-10,236511600,4520800,55283700,1608000
2015-11-11,180872000,3164800,36516300,1366400
2015-11-12,130102400,4701400,35361100,1837200
2015-11-13,183249600,4613800,36848200,2075500
2015-11-16,152426800,4190800,32165200,1905900
2015-11-17,110467600,2815100,31551300,1510900
2015-11-18,186698800,4149200,29710000,1684300
2015-11-19,173183200,4753600,28149200,1327100
2015-11-20,137148400,5176400,37147600,2212300
2015-11-23,129930000,5137900,28235900,1414500
2015-11-24,171212800,3407700,24600000,2333100
2015-11-25,85553200,3238200,21005100,1122100
2015-11-27,52185600,1415800,9009100,838500
2015-11-30,156721200,4545600,56241400,2097600
2015-12-01,139409600,4195100,39952800,2134600
2015-12-02,133546400,3725400,47274900,2230400
2015-12-03,166278000,5909600,38627800,2590600
2015-12-04,231108000,4571600,43963700,2757300
2015-12-07,128336800,3279400,30709800,1812300
2015-12-08,137238000,3905200,32878000,1829500
2015-12-09,185445600,4615000,36373200,2700000
2015-12-10,116850800,4222300,31775800,1988400
2015-12-11,187544800,5333800,39549500,2224400
2015-12-14,257274800,5143800,46768900,2412500
2015-12-15,213292400,4238500,39843000,2666200
2015-12-16,224954000,4345500,37503300,1993300
2015-12-17,179091200,4089500,41280900,1553400
2015-12-18,385813200,10026100,84684200,3148700
2015-12-21,190362400,5617500,37246300,1525700
2015-12-22,131157600,4263800,28322200,1365400
2015-12-23,130629600,5164900,27279800,1565900
2015-12-24,54281600,1495200,9558500,527200
2015-12-28,106816800,3143400,22458300,1515300
2015-12-29,123724800,3943700,27731400,1765000
2015-12-30,100855200,2989400,21704500,1293300
2015-12-31,163649200,3462100,27334100,1500900
